{
	"music_disc.example_1.0": {
		"sounds": [
			{
				"name": "customdisc/example_1",
				"stream": true
			}
		]
	},
	"music_disc.example_1.1": {
		"sounds": [
			{
				"name": "customdisc/example_1",
				"stream": true
			}
		]
	},
	"music_disc.example_1.2": {
		"sounds": [
			{
				"name": "customdisc/example_1",
				"stream": true
			}
		]
	},
	"music_disc.example_1.3": {
		"sounds": [
			{
				"name": "customdisc/example_1",
				"stream": true
			}
		]
	},
	"music_disc.example_1.4": {
		"sounds": [
			{
				"name": "customdisc/example_1",
				"stream": true
			}
		]
	},
	"music_disc.example_1.5": {
		"sounds": [
			{
				"name": "customdisc/example_1",
				"stream": true
			}
		]
	},
	"music_disc.example_1.6": {
		"sounds": [
			{
				"name": "customdisc/example_1",
				"stream": true
			}
		]
	},
	"music_disc.example_1.7": {
		"sounds": [
			{
				"name": "customdisc/example_1",
				"stream": true
			}
		]
	},
	"music_disc.example_1.8": {
		"sounds": [
			{
				"name": "customdisc/example_1",
				"stream": true
			}
		]
	},
	"music_disc.example_1.9": {
		"sounds": [
			{
				"name": "customdisc/example_1",
				"stream": true
			}
		]
	},
	"music_disc.example_1.10": {
		"sounds": [
			{
				"name": "customdisc/example_1",
				"stream": true
			}
		]
	}
}

